org,exp,mask
image1prime.jpg,image1-1.jpg,image1mask.jpg
image2prime.jpg,image2-1.jpg,image2mask.jpg
image3prime.jpg,image3-1.jpg,image3mask.jpg
image4prime.jpg,image4-1.jpg,image4mask.jpg
image5prime.jpg,image5-1.jpg,image5mask.jpg
image6prime.jpg,image6-1.jpg,image6mask.jpg
image7prime.jpg,image7-1.jpg,image7mask.jpg
image8prime.jpg,image8-1.jpg,image8mask.jpg
image9prime.jpg,image9-1.jpg,image9mask.jpg
image10prime.jpg,image10-1.jpg,image10mask.jpg
image11prime.jpg,image11-1.jpg,image11mask.jpg
image12prime.jpg,image12-1.jpg,image12mask.jpg
image13prime.jpg,image13-1.jpg,image13mask.jpg
image14prime.jpg,image14-1.jpg,image14mask.jpg
image15prime.jpg,image15-1.jpg,image15mask.jpg
image16prime.jpg,image16-1.jpg,image16mask.jpg
image17prime.jpg,image17-1.jpg,image17mask.jpg
image18prime.jpg,image18-1.jpg,image18mask.jpg
image19prime.jpg,image19-1.jpg,image19mask.jpg
image20prime.jpg,image20-1.jpg,image20mask.jpg
image21prime.jpg,image21-1.jpg,image21mask.jpg
image22prime.jpg,image22-1.jpg,image22mask.jpg
image23prime.jpg,image23-1.jpg,image23mask.jpg
image24prime.jpg,image24-1.jpg,image24mask.jpg
image25prime.jpg,image25-1.jpg,image25mask.jpg
image26prime.jpg,image26-1.jpg,image26mask.jpg
image27prime.jpg,image27-1.jpg,image27mask.jpg
image28prime.jpg,image28-1.jpg,image28mask.jpg
image29prime.jpg,image29-1.jpg,image29mask.jpg
image30prime.jpg,image30-1.jpg,image30mask.jpg
image31prime.jpg,image31-1.jpg,image31mask.jpg
image32prime.jpg,image32-1.jpg,image32mask.jpg
image33prime.jpg,image33-1.jpg,image33mask.jpg
image34prime.jpg,image34-1.jpg,image34mask.jpg
image35prime.jpg,image35-1.jpg,image35mask.jpg
image36prime.jpg,image36-1.jpg,image36mask.jpg
image37prime.jpg,image37-1.jpg,image37mask.jpg
image38prime.jpg,image38-1.jpg,image38mask.jpg
image39prime.jpg,image39-1.jpg,image39mask.jpg
image40prime.jpg,image40-1.jpg,image40mask.jpg
image41prime.jpg,image41-1.jpg,image41mask.jpg
image42prime.jpg,image42-1.jpg,image42mask.jpg
image43prime.jpg,image43-1.jpg,image43mask.jpg
image44prime.jpg,image44-1.jpg,image44mask.jpg
image45prime.jpg,image45-1.jpg,image45mask.jpg
image46prime.jpg,image46-1.jpg,image46mask.jpg
image47prime.jpg,image47-1.jpg,image47mask.jpg
image48prime.jpg,image48-1.jpg,image48mask.jpg
image49prime.jpg,image49-1.jpg,image49mask.jpg
image50prime.jpg,image50-1.jpg,image50mask.jpg
image51prime.jpg,image51-1.jpg,image51mask.jpg
image52prime.jpg,image52-1.jpg,image52mask.jpg
image53prime.jpg,image53-1.jpg,image53mask.jpg
image54prime.jpg,image54-1.jpg,image54mask.jpg
image55prime.jpg,image55-1.jpg,image55mask.jpg
image56prime.jpg,image56-1.jpg,image56mask.jpg
image57prime.jpg,image57-1.jpg,image57mask.jpg
image58prime.jpg,image58-1.jpg,image58mask.jpg
image59prime.jpg,image59-1.jpg,image59mask.jpg
image60prime.jpg,image60-1.jpg,image60mask.jpg
image61prime.jpg,image61-1.jpg,image61mask.jpg
image62prime.jpg,image62-1.jpg,image62mask.jpg
image63prime.jpg,image63-1.jpg,image63mask.jpg
image64prime.jpg,image64-1.jpg,image64mask.jpg
image65prime.jpg,image65-1.jpg,image65mask.jpg
image66prime.jpg,image66-1.jpg,image66mask.jpg
image67prime.jpg,image67-1.jpg,image67mask.jpg
image68prime.jpg,image68-1.jpg,image68mask.jpg
image69prime.jpg,image69-1.jpg,image69mask.jpg
image70prime.jpg,image70-1.jpg,image70mask.jpg
image71prime.jpg,image71-1.jpg,image71mask.jpg
image72prime.jpg,image72-1.jpg,image72mask.jpg
image73prime.jpg,image73-1.jpg,image73mask.jpg
image74prime.jpg,image74-1.jpg,image74mask.jpg
image75prime.jpg,image75-1.jpg,image75mask.jpg
image76prime.jpg,image76-1.jpg,image76mask.jpg
image77prime.jpg,image77-1.jpg,image77mask.jpg
image78prime.jpg,image78-1.jpg,image78mask.jpg
image79prime.jpg,image79-1.jpg,image79mask.jpg
image80prime.jpg,image80-1.jpg,image80mask.jpg
image81prime.jpg,image81-1.jpg,image81mask.jpg
image82prime.jpg,image82-1.jpg,image82mask.jpg
image83prime.jpg,image83-1.jpg,image83mask.jpg
image84prime.jpg,image84-1.jpg,image84mask.jpg
image85prime.jpg,image85-1.jpg,image85mask.jpg
image86prime.jpg,image86-1.jpg,image86mask.jpg
image87prime.jpg,image87-1.jpg,image87mask.jpg
image88prime.jpg,image88-1.jpg,image88mask.jpg
image89prime.jpg,image89-1.jpg,image89mask.jpg
image90prime.jpg,image90-1.jpg,image90mask.jpg
image91prime.jpg,image91-1.jpg,image91mask.jpg
image92prime.jpg,image92-1.jpg,image92mask.jpg
image93prime.jpg,image93-1.jpg,image93mask.jpg
image94prime.jpg,image94-1.jpg,image94mask.jpg
image95prime.jpg,image95-1.jpg,image95mask.jpg
image96prime.jpg,image96-1.jpg,image96mask.jpg
image97prime.jpg,image97-1.jpg,image97mask.jpg
image98prime.jpg,image98-1.jpg,image98mask.jpg
image99prime.jpg,image99-1.jpg,image99mask.jpg
image100prime.jpg,image100-1.jpg,image100mask.jpg
image101prime.jpg,image101-1.jpg,image101mask.jpg
image102prime.jpg,image102-1.jpg,image102mask.jpg
image103prime.jpg,image103-1.jpg,image103mask.jpg
image104prime.jpg,image104-1.jpg,image104mask.jpg
image105prime.jpg,image105-1.jpg,image105mask.jpg
image106prime.jpg,image106-1.jpg,image106mask.jpg
image107prime.jpg,image107-1.jpg,image107mask.jpg
image108prime.jpg,image108-1.jpg,image108mask.jpg
image109prime.jpg,image109-1.jpg,image109mask.jpg
image110prime.jpg,image110-1.jpg,image110mask.jpg
image111prime.jpg,image111-1.jpg,image111mask.jpg
image112prime.jpg,image112-1.jpg,image112mask.jpg
image113prime.jpg,image113-1.jpg,image113mask.jpg
image114prime.jpg,image114-1.jpg,image114mask.jpg
image115prime.jpg,image115-1.jpg,image115mask.jpg
image116prime.jpg,image116-1.jpg,image116mask.jpg
image117prime.jpg,image117-1.jpg,image117mask.jpg
image118prime.jpg,image118-1.jpg,image118mask.jpg
image119prime.jpg,image119-1.jpg,image119mask.jpg
image120prime.jpg,image120-1.jpg,image120mask.jpg
image121prime.jpg,image121-1.jpg,image121mask.jpg
image122prime.jpg,image122-1.jpg,image122mask.jpg
image123prime.jpg,image123-1.jpg,image123mask.jpg
image124prime.jpg,image124-1.jpg,image124mask.jpg
image125prime.jpg,image125-1.jpg,image125mask.jpg
image126prime.jpg,image126-1.jpg,image126mask.jpg
image127prime.jpg,image127-1.jpg,image127mask.jpg
image128prime.jpg,image128-1.jpg,image128mask.jpg
image129prime.jpg,image129-1.jpg,image129mask.jpg
image130prime.jpg,image130-1.jpg,image130mask.jpg
image131prime.jpg,image131-1.jpg,image131mask.jpg
image132prime.jpg,image132-1.jpg,image132mask.jpg
image133prime.jpg,image133-1.jpg,image133mask.jpg
image134prime.jpg,image134-1.jpg,image134mask.jpg
image135prime.jpg,image135-1.jpg,image135mask.jpg
image136prime.jpg,image136-1.jpg,image136mask.jpg
image137prime.jpg,image137-1.jpg,image137mask.jpg
image138prime.jpg,image138-1.jpg,image138mask.jpg
image139prime.jpg,image139-1.jpg,image139mask.jpg
image140prime.jpg,image140-1.jpg,image140mask.jpg
image141prime.jpg,image141-1.jpg,image141mask.jpg
image142prime.jpg,image142-1.jpg,image142mask.jpg
image143prime.jpg,image143-1.jpg,image143mask.jpg
image144prime.jpg,image144-1.jpg,image144mask.jpg
image145prime.jpg,image145-1.jpg,image145mask.jpg
image146prime.jpg,image146-1.jpg,image146mask.jpg
image147prime.jpg,image147-1.jpg,image147mask.jpg
image148prime.jpg,image148-1.jpg,image148mask.jpg
image149prime.jpg,image149-1.jpg,image149mask.jpg
image150prime.jpg,image150-1.jpg,image150mask.jpg
image151prime.jpg,image151-1.jpg,image151mask.jpg
image152prime.jpg,image152-1.jpg,image152mask.jpg
image153prime.jpg,image153-1.jpg,image153mask.jpg
image154prime.jpg,image154-1.jpg,image154mask.jpg
image155prime.jpg,image155-1.jpg,image155mask.jpg
image156prime.jpg,image156-1.jpg,image156mask.jpg
